name,career,tech,language,social_impact,party,religion,sports,networking,arts,music,time_low,hands_on,outdoor,international,beginner_friendly,competitive,financial_cost,event_frequency,leadership_opportunities,group_size,description,next_event_title,next_event_date,next_event_time,next_event_location,next_event_url,next_event_is_open,event_source_type
404 UNIVERSITY ESPORTS DRESDEN,1,1,both,0,1,0,1,1,0,0,0,0,0,1,1,1,0,high,1,large,"E-Sport-Hochschulgruppe der TU Dresden im Rahmen von 404 Multigaming e.V. mit Fokus auf kompetitives Gaming, Community-Events und E-Sport-Kursen für Studierende.",404 University Esports Dresden vs HSK Dragon,2026-01-06,18:00,ONLINE,https://www.opleague.pro/match/69399-404-University-Esports-Dresden-vs-HSK-Dragon,0,website
AEGEE-Dresden e. V.,1,0,both,1,1,0,0,1,0,0,0,1,0,1,1,0,0,medium,1,medium,"Studierendenverein im europäischen AEGEE-Netzwerk, der mit Buddy-Programm, internationalen Projekten und Veranstaltungen den interkulturellen Austausch und das europäische Engagement von Studierenden in Dresden fördert.",,,,,,,
AIAS Dresden e.V.,0,0,german,1,0,0,0,1,0,0,0,1,0,1,1,0,0,medium,1,medium,"Studentische Initiative an der TU Dresden, die durch Aufklärung und Registrierungsaktionen für Stammzellspenden im Kampf gegen Blutkrebs engagiert ist.",monatliches Treffen,EMPTY,EMPTY,EMPTY,https://aiasdresden.de,0,website
AIESEC,1,0,both,1,0,0,0,1,0,0,0,1,0,1,1,1,0,high,1,large,"AIESEC an der TU Dresden ist die lokale Gruppe der weltweit größten, von Studierenden geführten Austauschorganisation, die junge Menschen über Praktika und Freiwilligenprojekte im Ausland fördert und ihre Führungs- und interkulturellen Kompetenzen entwickelt.",,,,,,,
ANW Hochschulgruppe Tharandt,1,0,german,1,0,0,0,1,0,0,0,1,1,0,1,0,0,medium,1,small,"Eine waldbaulich engagierte Hochschulgruppe an der Forstfakultät Tharandt der TU Dresden, die Exkursionen, fachliche Vorträge und praktische Übungen zu naturnaher Waldwirtschaft organisiert.",,,,,,,
Akademische Fliegergruppe der TU Dresden e.V. (Akaflieg),1,1,german,0,0,0,1,1,0,0,0,1,1,0,1,1,1,high,1,medium,"Studierende verschiedener Fachrichtungen, die ehrenamtlich an luftfahrttechnischer Forschung, dem Bau eines eigenen Segelflugzeugs und am Segelfliegen arbeiten.",,,,,,,
Amateurfunk an der TU Dresden (DL0TUD),0,1,german,0,0,0,0,1,0,0,0,1,0,0,1,0,0,high,1,large,Amateurfunk-Klubstation und DARC-Ortsverband an der TU Dresden mit wöchentlichen Techniktreffen und gemeinsamer Funkpraxis im Barkhausenbau.,Dienstagstreffen an der Klubstation DL0TUD,2026-01-13,19:00,Barkhausenbau der TU Dresden,https://dl0tud.tu-dresden.de/wordpress/index.php/category/termine/,1,website
Amnesty International Hochschulgruppe Dresden,0,0,both,1,0,0,0,1,0,0,1,1,0,1,1,0,0,medium,1,small,"Eine ehrenamtliche Studierendengruppe, die durch Aktionen, Workshops und Kampagnen auf Menschenrechtsverletzungen aufmerksam macht und zum Engagement für Menschenrechte weltweit motiviert.",Plenum (Gruppentreffen, alle ungeraden Kalenderwochen),EMPTY,18:30,Chemnitzer Straße 59b, Dresden,https://amnesty-hochschulgruppe-dresden.de
Arbeiterkind.de Dresden,1,0,both,1,0,0,0,1,0,0,0,1,0,0,1,0,0,medium,1,medium,"Eine lokale Ehrenamtsgruppe, die als Anlaufstelle und Mentoring-Netzwerk Studierende der ersten Generation und Studieninteressierte in Dresden unterstützt.",Infoabend (online),2026-01-14,18:30,online,https://arbeiterkinddresden.jimdofree.com,1,website
Baghira,0,0,german,1,0,1,0,1,0,0,0,0,0,0,1,0,0,low,0,small,"Hochschulgruppe der TU Dresden, in der Studierende als ehrenamtliche Mentorinnen und Mentoren Grundschulkinder im Programm „Balu und Du“ über mindestens ein Jahr begleiten und sozial unterstützen.",,,,,,,website
Betonbootteam TU Dresden,1,1,german,0,1,0,1,1,0,0,0,1,1,0,1,1,0,low,1,medium,"Hochschulgruppe von vor allem Bauingenieurstudierenden, die seit 1996 kreative Betonboote planen, bauen und bei nationalen Regatten sowohl konstruktiv als auch sportlich erfolgreich einsetzen.",,,,,,,
Campusradio Dresden e.V.,1,1,both,1,1,0,0,1,0,1,0,1,0,1,1,0,0,medium,1,medium,"Ein unabhängiges studentisches Internetradio der TU Dresden, in dem Studierende eigenverantwortlich Beiträge und Sendungen produzieren und so praktische Medien- und Hörfunkerfahrung sammeln.",Workshop 2025 – Radiomachen zum Ausprobieren,2025-01-12,15:00,SLUB DrePunct,https://campusradiodresden.de/workshop-2025,1,website
Christians for Mission,0,0,both,0,0,1,0,1,0,0,1,0,0,1,1,0,0,medium,1,small,"Christliche Hochschulgruppe an der TU Dresden, die sich regelmäßig zur gemeinsamen Bibellese („Bible Study“) trifft und Studierende zu Austausch über den Glauben einlädt.",,,,,,,
Club 11 e.V.,0,0,german,0,1,0,0,1,0,1,0,0,1,0,1,0,1,high,1,small,"Ein ehrenamtlich betriebener Studentenclub und Cocktailbar am Campus mit gemütlicher Atmosphäre, regelmäßigen Veranstaltungen und dem traditionellen Bockbieranstich.",Weekly-Specials,Bockbieranstich,2026-01-14,EMPTY,Club 11,EMPTY,0
Club Aquarium e.V.,0,0,German,0,1,0,0,1,1,1,0,1,0,0,1,0,0,high,1,medium,"Studentenclub mit großer Cocktailauswahl und vielfältigem Kulturprogramm wie Konzerten, Ausstellungen und Partys von Studierenden für Studierende.",Riffparty Vol. 19,2026-01-15,20:30,Club Aquarium, St. Petersburger Straße 21, Dresden,https://club-aquarium.de
Club HängeMathe e.V.,0,0,both,0,1,0,0,1,1,1,0,1,0,0,1,0,1,high,1,medium,"Studentenclub im Wohnheim Zeunerstraße mit günstigen Getränken, vielen Themenpartys, Konzerten und Kleinkunstabenden in gemütlicher Wohnzimmeratmosphäre.",Kickerturnier,2026-01-09,19:30,HängeMathe,https://www.club-haengemathe.de/2026/01/09/kickerturnier.html,1,website
Club Traumtänzer e.V.,0,0,german,0,1,0,0,1,0,0,1,1,0,0,1,0,0,high,1,medium,"Mittelalterlich gestalteter, ehrenamtlich betriebener Studentenclub mit Kneipenabenden, Motto-Partys und Spiele-Events wie Pen & Paper und Magic.",,,,,,,
DE-LATAM e.V.,0,0,spanish,1,0,0,0,1,0,0,1,0,0,1,1,0,0,low,1,medium,"Ein Verein vor allem für spanischsprachige Studierende und Menschen mit lateinamerikanischem Hintergrund, der an der TU Dresden interkulturellen Austausch, Vernetzung und gegenseitige Unterstützung fördert.",,,,,,,website
DGB Hochschulgruppe Dresden,1,0,german,1,0,0,0,1,0,0,1,0,0,0,1,0,0,medium,1,medium,"Gewerkschaftliche Hochschulgruppe an der TU Dresden, die insbesondere Beratung und Unterstützung zu Arbeits- und Studiensituation für Studierende anbietet.",Beratung der DGB-Campus-Gruppe,2026-06-10,13:00,StuRa-Büro (DGB-Beratung),https://www.stura.tu-dresden.de/kalender/250610_dgb_beratung,1,stura
DIAS,1,0,german,1,0,0,0,1,0,0,1,0,0,0,1,0,0,medium,1,medium,"Eine Hochschulgruppe der TU Dresden, die als Dresdner Interessenverband für Außen- und Sicherheitspolitik ein Forum für Austausch mit Expert*innen und ein Netzwerk für sicherheitspolitisch interessierte Studierende bietet.",,,,,,,
DIE BÜHNE e.V. – das Theater der TU Dresden,0,0,both,0,1,0,0,1,1,0,0,1,0,1,1,0,0,high,1,large,"Studentisches Theater der TU Dresden mit hohem künstlerischen Anspruch, zahlreichen Produktionen und Kursen für Theaterbegeisterte aller Erfahrungsstufen.",,,,,,,
Die Linke.SDS Dresden,0,0,german,1,0,0,0,1,0,0,0,1,1,0,1,0,0,high,1,medium,"Linke, marxistisch geprägte Hochschulgruppe an der TU Dresden, die sich wöchentlich trifft, politische Bildung betreibt und sich in hochschul- und gesellschaftspolitischen Fragen engagiert.",Treffen der Hochschulgruppe (regelmäßiges Plenum),EMPTY,18:30,Gerhart-Potthoff-Bau TU Dresden (vermutlich montags, genauer Termin nicht angegeben),https://www.dielinke-dresden.de,1
EUROAVIA Dresden e.V.,1,1,english,0,1,0,0,1,0,0,0,1,0,1,1,1,0,medium,1,medium,"Hochschulgruppe der Luft- und Raumfahrtstudierenden, die internationale Vernetzung mit Industrie, technischen Workshops und Events rund um Aerospace an der TU Dresden bietet.",,,,,,,
Elbflorace Formula Student Team TU Dresden e.V.,1,1,both,0,0,0,0,1,0,0,0,1,0,1,0,1,1,high,1,large,"Ein interdisziplinäres Studierendenteam der TU Dresden, das wettkampforientiert elektrische und autonome Formelrennwagen entwickelt, konstruiert und baut.",,,,,,,
Erasmus Student Network TU Dresden e.V.,1,0,both,1,1,0,0,1,0,0,0,1,1,1,1,0,0,high,1,medium,"Studierendenverein, der internationale Austauschstudierende an der TU Dresden betreut, interkulturelle Begegnungen durch Veranstaltungen, Ausflüge und Partys fördert und so das Einleben in Dresden erleichtert.",Ball im Savoy in the Staatsoperette,2026-01-15,19:00,Staatsoperette Dresden,https://tickets.esn-germany.de/esntudresden/,1,website
Evangelische Studierendengemeinde Dresden (ESG),0,0,german,1,1,1,0,1,0,1,1,0,0,0,1,0,0,medium,1,medium,"Eine evangelische Studierendengemeinde an der TU Dresden mit Gottesdiensten, Andachten, Gesprächsabenden und gemeinschaftlichen Freizeitaktivitäten für junge Christinnen und Christen.",Ökumenischer Jahresanfangsgottesdienst,2026-01-12,19:00,Lukassaal,https://www.esg-dresden.de/2025/kumenischer-jahresanfangsgottesdienst,1,website
First Aid for All - Dresden,1,0,german,1,1,0,0,1,0,0,0,1,0,0,1,0,0,medium,1,medium,"Hochschulgruppe von Medizinstudierenden, die durch ehrenamtliche Erste-Hilfe- und Reanimationstrainings insbesondere an Schulen lebensrettende Kompetenzen in der Bevölkerung verbreitet und neue Trainer ohne Vorkenntnisse ausbildet.",,,,,,,
"Folkloretanzensemble ""Thea Maass"" der TU Dresden",0,0,german,0,0,0,1,1,1,1,0,1,0,0,0,1,low,high,1,large,Traditionsreiches studentisches Folkloretanzensemble der TU Dresden mit anspruchsvollen Bühnenchoreografien und regelmäßigen Auftritten.,"Probetraining mit dem Folkloretanzensemble ""Thea Maass""",2026-01-14,19:00,Hörsaalzentrum (HSZ),https://tu-dresden.de/studium/rund-ums-studium/kulturbuero/programmws2025,1,website
Fridays for Future Dresden,0,0,both,1,0,0,0,1,0,0,0,1,1,1,1,0,0,high,1,large,"Lokalgruppe der internationalen Fridays-for-Future-Bewegung in Dresden, die regelmäßig Klimastreiks und Aktionen für Klimagerechtigkeit organisiert und politisches Engagement für eine nachhaltige Zukunft fördert.",,,,,,,website
Genow - Gender Equality NOW,0,0,both,1,0,0,0,1,0,0,0,0,0,0,1,0,0,low,1,small,"Eine feministische Hochschulgruppe der TU Dresden, die sich theoretisch und praktisch mit patriarchaler Macht, Gender und geschlechtergerechten Strukturen auseinandersetzt und studentisches Engagement für Gleichstellung fördert.",Gender. Macht. Gesellschaft.,EMPTY,EMPTY,EMPTY,https://tu-dresden.de/studium/im-studium/studienorganisation/lehrangebot/studium-generale/generaledb/integrale_veranstaltung?ausgabe=20&zielgruppe=&orig_template=integrale_listing_fak&table=veranstaltung&autoid=2528,0,website
Gutzkowclub e.V.,0,0,german,0,1,0,0,1,0,1,1,1,1,0,1,1,low,high,1,medium,"Dresdens ältester Studentenclub mit ehrenamtlich organisiertem Bar- und Kulturprogramm wie Karaoke, Turnieren und Partys im Wohnheim an der Gutzkowstraße.",EMPTY,EMPTY,EMPTY,Gutzkowstraße 29, 01069 Dresden,EMPTY,0
HSG Grundvorlesung ökologische Nachhaltigkeit,1,1,both,1,0,0,0,1,0,0,0,0,0,0,1,0,0,low,1,medium,"Eine von Studierenden organisierte Ringvorlesung an der TU Dresden, die Grundlagen ökologischer Nachhaltigkeit und der Klimakrise verständlich und niedrigschwellig aus verschiedenen Perspektiven vermittelt.",SustainAbility: Nachhaltigkeit verstehen & umsetzen – Nachhaltiger Bau,2026-01-08,16:40,MOL/213/H,https://tu-dresden.de/tu-dresden/nachhaltigkeit/mitmachen/veranstaltungen/grundvorlesung-oekologische-nachhaltigkeit,1,website
Heinrich-Cotta-Club e.V.,0,0,german,0,1,0,0,1,0,0,0,0,0,0,1,0,low,high,1,medium,"Studentischer Club in Tharandt, der seit 1986 als wichtiger Kultur- und Partytreffpunkt der Forststudierenden fungiert und regelmäßige Clubabende sowie weitere Events organisiert.",,,,,,,
IG Börse an der TU Dresden e.V.,1,0,german,0,0,0,0,1,0,0,0,1,0,0,1,1,low,medium,1,medium,"Studentischer Börsenverein, der durch Vorträge, Seminare und Exkursionen praxisnahe Einblicke in Finanzmärkte bietet und ein Netzwerk zu Wirtschaft und Finanzbranche aufbaut.",6. Montagstreff,2026-01-12,18:30,Raum 401 Hörsaalzentrum, Bergstraße 64, 01069 Dresden, Deutschland
Indian Association Dresden e. V.,0,0,both,1,1,1,1,1,1,1,0,0,0,1,1,0,0,medium,1,large,"Verein indischer Studierender und Akademiker in Dresden, der durch kulturelle Feste, Sport- und Freizeitangebote sowie Unterstützung im Alltag den interkulturellen Austausch zwischen indischer und deutscher Community fördert.",,,,,,,
Ingenieure ohne Grenzen Dresden (IOG),1,1,both,1,0,0,0,1,0,0,0,1,1,1,1,0,0,medium,1,medium,"Eine ehrenamtliche Hochschulgruppe, in der Studierende an technischen Entwicklungsprojekten und Bildungsarbeit mit sozialem und internationalem Fokus mitwirken.",Plenum/Regelmäßiges Treffen der Regionalgruppe Dresden,2026-01-22,19:00,Räumlichkeiten der Bürgerstiftung Dresden,https://www.ingenieure-ohne-grenzen.org/de/mitmachen/regionalgruppe-dresden,1,website
Islamischer Hochschulbund Dresden,1,0,both,1,0,1,0,1,0,0,0,0,0,1,1,0,0,medium,1,medium,"Eine muslimische Hochschulgruppe, die Wissen, islamische Religion, interkulturellen Dialog und internationale studentische Vernetzung fördert.",,,,,,,
JuFORUM-Lokalgruppe Dresden,1,1,German,1,0,0,0,1,0,0,0,1,0,1,1,0,0,low,1,medium,"Lokale Gruppe des bundesweiten juFORUM-Vereins an der TU Dresden, die naturwissenschaftlich interessierten jungen Menschen Exkursionen, Forschungs­einblicke und Vernetzung mit Wissenschaft und Wirtschaft bietet.",Jungforschenden-Congress 2026,2026-03-25,EMPTY,Dresden,https://www.juforum.de/veranstaltungen/jungforschenden-congress-2026-dresden,1,website
Junges Ensemble Dresden,0,0,german,0,0,0,0,0,1,1,0,0,0,1,0,1,1,medium,1,medium,"Ambitionierter studentischer Kammerchor der TU Dresden mit etwa 35 jungen Sängerinnen und Sängern, der anspruchsvolle a-cappella-Chorliteratur von Renaissance bis Moderne erarbeitet, regelmäßig probt, konzertiert und auf internationalen Konzertreisen künstlerischen Austausch pflegt.",Probe Junges Ensemble Dresden,2026-01-12,19:00,Seminargebäude ABS Raum E04 August-Bebel-Straße Dresden,https://www.studentenwerk-dresden.de/wirueberuns/newsartikel-6678.html,1,website
Juso-Hochschulgruppe (JHG) Dresden,1,0,german,1,1,0,0,1,0,0,0,1,0,1,1,0,0,medium,1,small,"Politische Hochschulgruppe und Jugendorganisation der SPD an der TU Dresden mit sozialistischem, feministischen und internationalistischem Anspruch, die sich in Arbeitsgruppen und Treffen für progressive Hochschul- und Gesellschaftspolitik engagiert.",Auswertung Gießen und Juso-Bundeskongress,2026-01-08,18:30,Die Genoss*innenschaft (Kamenzer Straße 12, 01099 Dresden),https://dresden.jusos.info,1
KRETA - Kritische Einführungstage,0,0,german,1,1,0,0,1,0,0,0,0,0,0,1,0,0,low,1,medium,"Eine offene, politisch-linke Gruppe, die mit Vorträgen, Workshops und Aktionen kritisch in gesellschaftliche Themen und Aktivismus in Dresden einführt.",,,,,,,website
Kammerchor Cantabile Dresden,0,0,german,0,0,0,0,0,1,1,0,0,0,0,1,1,0,low,1,medium,"Studentisch geprägter A-cappella-Kammerchor mit rund 30 Mitgliedern, der anspruchsvolle geistliche und weltliche Chormusik in mehreren Konzerten pro Jahr aufführt.",A cappella Konzert,2026-07-25,EMPTY,Nikolaikirche Dippoldiswalde,https://cantabile-dresden.de,1,website
Katholische Studierendengemeinde Dresden (KSG),0,0,German,1,1,1,0,1,1,1,0,0,0,1,1,0,0,high,1,medium,"Eine christliche Hochschulgemeinde an der TU Dresden für katholische und interessierte Studierende mit Gottesdiensten, Gemeindeabenden, spirituellen Angeboten und Gemeinschaft in St. Paulus und dem KSG-Haus an der Eisenstuckstraße.",Ökumenischer Jahresanfangsgottesdienst,2026-01-12,19:00,"Einsteinstraße 2, 01069 Dresden",https://www.stura.tu-dresden.de/kalender/250929_%C3%B6kumenischer_jahresanfangsgottesdienst,1,stura
Kellerklub GAG 18,0,0,german,0,1,0,0,1,1,1,0,1,0,0,1,0,1,high,1,medium,"Studentenclub im Wohnheimkeller mit alternativen Partys, dunkler Musikszene und studentisch organisiertem Kultur- und Barbetrieb.",Dark Donnerstag,2026-01-15,20:00,Kellerklub GAG 18 e.V. Dresden,https://dark-party.de/veranstaltungsort/kellerklub-gag-18-e-v-dresden/,1,website
Kino im Kasten,0,1,both,0,1,0,0,1,1,0,0,1,1,1,1,0,0,high,1,medium,"Studentisch betriebenes nichtkommerzielles Programmkino der TU Dresden mit vielfältigem Filmprogramm, Open-Air-Sommerkino und zahlreichen Mitmachmöglichkeiten in Programmgestaltung, Technik und Organisation.",She Said,2026-01-09,19:30,Kino im Kasten (TU Dresden),https://www.kino-im-kasten.de/programm.html,1,website
Kultur in der Neuen Mensa,0,0,de,0,1,0,0,1,1,1,0,1,0,0,1,0,0,medium,1,medium,"Ein studentischer Verein in Gründung, der nach der Wiedereröffnung der Neuen Mensa die Bierstube und den Campus mit Konzerten, Partys und vielfältigen Kulturveranstaltungen beleben will.",,,,,,,
"Leo Club Dresden ""August der Starke""",1,0,both,1,0,0,0,1,0,0,1,1,1,1,1,0,0,low,1,small,"Eine studentische Service-Club-Hochschulgruppe der TU Dresden, in der sich vor allem Studierende über soziale Projekte und ehrenamtliche Aktionen wie Car Wash, Elbwiesenreinigung und Unterstützung von Kinderheimen für den guten Zweck engagieren.",,,,,,,
Liberale Hochschulgruppe Dresden,1,0,german,1,1,0,0,1,0,0,0,0,0,0,1,1,0,low,1,medium,"Politische Hochschulgruppe an der TU Dresden, die für liberale und tolerante Hochschulpolitik eintritt und Studierende mit Interesse an liberalen Ideen vernetzt.",,,,,,,
MediNetz Dresden e.V.,1,0,both,1,0,0,0,1,0,0,0,1,0,1,1,0,0,low,1,medium,"Eine ehrenamtliche Menschenrechtsinitiative von Studierenden und Engagierten, die anonym und kostenlos medizinische Versorgung für Menschen ohne regulären Zugang zum Gesundheitssystem organisiert.",,,,,,,
Mit Sicherheit Verliebt,0,0,german,1,0,0,0,0,0,0,0,1,0,0,1,0,0,low,1,medium,"Eine ehrenamtliche Hochschulgruppe von Studierenden, die an Schulen in Dresden altersgerechte Sexualaufklärung und Präventionsarbeit zu Liebe, Sexualität und sexueller Gesundheit anbietet.",,,,,,,
Nachhaltigkeits-AG Bauwesen der TU Dresden e.V.,1,1,german,1,0,0,0,1,0,0,0,1,0,0,1,0,0,medium,1,medium,"Engagierte Hochschulgruppe und Verein an der TU Dresden, die sich mit nachhaltigem Bauen, Bauwende und der Verbesserung der Lehre im Bauwesen beschäftigt.",,,,,,,
Nightline Dresden e. V.,0,0,both,1,0,0,0,1,0,0,0,1,0,1,1,0,0,medium,1,medium,"Ein ehrenamtliches, anonymes Zuhörtelefon und Chatangebot von Studierenden für Studierende an der TU Dresden, das nachts bei Sorgen und Belastungen unterstützend zur Seite steht.",,,,,,,
PAUL Consultants e.V.,1,1,both,0,0,0,0,1,0,0,0,1,0,1,0,1,0,medium,1,medium,"Studentische Unternehmensberatung der TU Dresden, in der Studierende verschiedener Fachrichtungen in echten Beratungsprojekten mit Unternehmen praxisnahe Erfahrungen sammeln und ein professionelles Netzwerk aufbauen.",,,,,,,
Pakistani Student Association (PSA),0,0,english,1,1,1,0,1,0,0,0,0,0,1,1,0,0,medium,1,medium,"Interkulturelle Hochschulgruppe muslimischer Studierender mit pakistanischem Hintergrund an der TU Dresden, die religiöse Feste, kulturelle Events und Vernetzungsangebote für internationale Studierende organisiert.",,,,,,,
Progressiv am Campus,0,0,german,1,1,0,0,1,0,0,0,0,0,0,1,0,0,low,1,small,"Eine politisch-progressive Hochschulgruppe an der TU Dresden, die sich für gesellschaftliche Veränderung und ein lebendiges Campusleben engagiert.",,,,,,,
RCDS Dresden,1,0,german,1,1,1,0,1,0,0,0,0,0,0,1,1,0,low,1,medium,"Politische Hochschulgruppe an der TU Dresden mit christlich-konservativem Profil, die sich hochschulpolitisch engagiert und zugleich Raum für Austausch, Freundschaften und gemeinsame Aktivitäten bietet.",,,,,,,
Rock Your Life! Dresden e.V.,1,0,both,1,0,0,0,1,0,0,0,1,0,1,1,0,0,medium,1,medium,Studierende begleiten als ehrenamtliche Mentor*innen ein Jahr lang Jugendliche mit besonderen Herausforderungen auf ihrem Bildungs- und Berufsweg und setzen sich so für Bildungsgerechtigkeit und Chancengleichheit ein.,,,,,,,website
SMD Dresden,0,0,german,1,0,1,1,1,0,0,1,0,1,1,1,0,0,medium,1,medium,"Christliche Hochschulgruppe an der TU Dresden mit regelmäßigen Themenabenden, Gebets- und Freizeitangeboten, die Glauben, Gemeinschaft, Austausch und gelegentliche Sport- und Outdooraktivitäten verbindet.",Lobpreis-Elbe-Chillen,2026-02-15,EMPTY,EMPTY,https://hochschul-smd.org/dresden/semesterprogramm/,1,website
STAR Dresden e.V.,1,1,english,0,0,0,0,1,0,0,0,1,0,1,1,1,0,high,1,medium,"Interdisziplinäre Hochschulgruppe der TU Dresden, in der Studierende praxisnah an Raumfahrtprojekten wie Rovern, Raketen und Höhenforschungsexperimenten arbeiten und international an Wettbewerben teilnehmen.",,,,,,,
STAV e.V.,1,0,german,1,0,0,0,1,0,0,0,1,0,0,1,0,0,medium,1,medium,"Studentische Arbeitsvermittlung an der TU Dresden, die von Studierenden organisiert wird und Jobs für Kommilitoninnen und Kommilitonen vermittelt.",,,,,,,
Studentenclub Bärenzwinger e.V.,0,0,german,1,1,0,0,1,1,1,0,1,1,1,1,0,0,high,1,medium,"Traditionsreicher Studentenclub und Kulturzentrum in historischen Festungsgewölben mit Partys, Konzerten, Theater und vielfältigen Veranstaltungen für Studierende und Jugendliche in Dresden.",DREIECKS COMEDY - Die Stand Up Show,2026-01-16,20:00,Studentenclub Bärenzwinger Dresden,https://rausgegangen.de/events/dreiecks-comedy-die-stand-up-show-1/,1,website
Studentenreiter Dresden,0,0,both,0,1,0,1,1,0,0,0,1,1,1,0,1,1,medium,1,medium,"Eine sportlich orientierte Hochschulreitgruppe, in der pferdesportbegeisterte Studierende gemeinsam trainieren, an Turnieren teilnehmen und bei Stammtischen, Lehrgängen und Ausflügen Gemeinschaft pflegen.",Infoabend Studentenreiter Dresden,2026-02-02,20:00,Studentenclub Aquarium,https://www.dhsz.tu-dresden.de/angebote/aktueller_zeitraum/_Reiten.html,1,website
Studentische Wasserwacht Dresden,1,0,german,1,0,0,1,1,0,0,0,1,1,0,1,0,0,high,1,medium,"Eine studentische Ortsgruppe der DRK-Wasserwacht, die sich ehrenamtlich in Rettungsschwimmen, Wasserrettung und Ausbildung an der TU Dresden engagiert.",,,,,,,website
Studentischer Sanitätsdienst der TU Dresden,1,1,both,1,0,0,0,1,0,0,0,1,0,0,1,0,0,medium,1,medium,"Eine ehrenamtliche Hochschulgruppe, die Erste-Hilfe-Kurse anbietet und universitäre Veranstaltungen sanitätsdienstlich absichert, um Studierende und Mitarbeitende der TU Dresden für Notfälle zu qualifizieren.",,,,,,,
Studis gegen Rechts,0,0,german,1,0,0,0,1,0,0,0,1,1,0,1,0,0,medium,1,medium,"Eine antifaschistische Hochschulgruppe in Dresden, in der Studierende sich gegen Rechtsruck engagieren, Aktionen und Demos organisieren und gemeinsam für eine solidarische, vielfältige Gesellschaft eintreten.",EMPTY,EMPTY,EMPTY,EMPTY,EMPTY,0,website
StudyTutors Dresden,1,0,both,1,0,0,0,1,0,0,0,1,0,1,1,0,0,low,1,small,"Ehrenamtliche Hochschulgruppe, in der Studierende finanziell benachteiligten Kindern und Jugendlichen durch kostenlose Nachhilfe und gemeinsame Freizeitaktivitäten helfen.",,,,,,,
TU Big Band e.V.,0,0,german,0,1,0,0,1,1,1,0,0,0,0,0,0,low,high,1,medium,"Studentisches Jazzorchester der TU Dresden, das mit rund 30 Mitgliedern Swing-, Jazz- und Tanzmusik probt und bei vielfältigen Auftritten in Dresden und darüber hinaus für Big-Band-Sound sorgt.",Campusfestival,2026-07-02,EMPTY,TU Dresden,https://www.tubigband.de/de/auftritte,1,website
TU Dresden Robotik AG,1,1,both,0,0,0,0,1,0,0,0,1,0,1,1,1,0,high,1,medium,"Studentische Arbeitsgruppe, in der autonome Roboter für Wettbewerbe entwickelt werden und Studierende praktische Erfahrungen in Mechanik, Elektronik und Programmierung sammeln können.",,,,,,,
Team AufeinanderAchten,1,0,both,1,0,0,0,1,0,0,0,1,0,1,1,0,0,medium,1,medium,"Hochschulgruppe der TU Dresden, die mit einem kostenlosen Erste-Hilfe-Kurs für die Seele Studierende zu seelischen Ersthelfer:innen ausbildet und für Warnzeichen psychischer Belastungen sensibilisiert.",AufeinanderAchten - der Erste-Hilfe-Kurs für die Seele,2026-01-16,13:30,Volkshochschule Dresden,Annenstraße 10, 01067 Dresden,1
The Big Band Therapy,0,0,german,0,1,0,0,1,1,1,0,1,0,0,0,0,0,medium,0,medium,"Eine studentisch geprägte Dresdner Big Band, die in klassischer Big-Band-Besetzung Jazz, Swing, Latin, Rock und Pop spielt und bei Bällen, Konzerten und Uni-Events für mitreißende Live-Musik sorgt.",Rehearsal,2026-01-15,19:00,Universitätsklinikum Dresden Gebäude 40 Dekanat,http://www.thebigbandtherapy.de,1,website
Therapie mal anders,1,0,german,1,0,0,0,1,0,0,0,0,0,0,1,0,0,low,1,small,"Eine studentische Psychologie-Hochschulgruppe an der TU Dresden, die mit kostenfreien Vorträgen und Workshops kritisch über Psychotherapie, Machtverhältnisse und Diskriminierung reflektiert und Betroffenenperspektiven stärkt.",Veranstaltungsreihe 'Therapie mal anders' – Globale Gerechtigkeit im Kontext von Dekolonialen Prozessen in (therapeutischen) Räumen,2025-03-04,17:00,Rösslstube und online via Zoom,https://kritpsydd.noblogs.org/termine/,1,website
Universitätsorchester Dresden,0,0,german,0,0,0,0,0,1,1,0,0,0,0,0,1,0,medium,1,large,"Ein sinfonisches und kammerphilharmonisches Orchester der TU Dresden mit über 100 Mitgliedern, das anspruchsvolle Konzertprogramme erarbeitet und regelmäßig öffentlich aufführt.","SINFONIEKONZERT ""NACHKLÄNGE""",2026-02-01,18:00,Kulturpalast Dresden,https://www.uniorchester-dresden.de/konzerte/2026/2/sinfoniekonzert-nachklaenge,1,website
VWI HG Dresden e.V.,1,1,both,0,1,0,0,1,0,0,0,1,0,1,1,0,0,medium,1,large,"Interdisziplinäre Hochschulgruppe von Wirtschaftsingenieurstudierenden, die durch Workshops, Exkursionen und ein starkes nationales wie europäisches Netzwerk praxisnahe Einblicke, Soft-Skill-Entwicklung und Vereinsengagement an der TU Dresden bietet.",HG Dresden: Mitgliedervollversammlung,2026-01-14,EMPTY,EMPTY,EMPTY,0,website
Verkehrte Welt e.V.,1,1,both,1,0,0,0,1,0,0,0,1,0,1,1,0,0,medium,1,medium,"Ein studentischer Verein verkehrsbegeisterter TUD-Studierender, der internationale Vernetzung im Verkehrsbereich durch das jährliche Treffen europäischer Verkehrsstudierender organisiert und fördert.",,,,,,,
Volt Hochschulgruppe Dresden,1,0,german,1,1,0,0,1,0,0,1,0,0,1,1,1,0,medium,1,small,"Politisch engagierte Hochschulgruppe an der TU Dresden, die als Studierendennetzwerk der paneuropäischen Partei Volt für proeuropäische, progressive Hochschul- und Kommunalpolitik sowie demokratische Teilhabe wirbt.",,,,,,,
YETI Dresden,1,1,english,1,0,0,0,1,0,0,0,1,0,1,0,1,0,high,1,medium,"Ein 18-monatiges Entrepreneurship-Programm in Dresden, das Studierende durch Training, Mentoring und Networking zu unternehmerischen Vorbildern in Tech und Innovation entwickelt.",,,,,,,
altBau e.V. - Alumniverein Bauingenieurwesen TU Dresden,1,1,german,1,1,0,0,1,0,0,0,1,0,0,1,0,0,medium,1,medium,"Alumniverein der Fakultät Bauingenieurwesen zur Vernetzung von Studierenden, Absolvent:innen und Unternehmen durch Absolventenball, Firmenkontaktmesse und weitere gemeinsame Veranstaltungen.",Save the Date – bauMarkt 2026,2026-04-28,EMPTY,Beyer-Bau, TU Dresden,https://altbau-tud.de,1
bonding-studierendeninitiative e.V. (HG Dresden),1,0,both,0,0,0,0,1,0,0,0,1,0,1,1,0,0,high,1,medium,"Studentische Initiative, die an der TU Dresden ehrenamtlich kostenlose Firmenkontaktmessen, Exkursionen und Karriereevents organisiert, um Studierende mit Unternehmen zu vernetzen und Praxiseinblicke zu bieten.",,,,,,,
btS – Life Sciences Studierendeninitiative e.V.,1,0,both,1,0,0,0,1,0,0,0,1,0,1,1,0,0,medium,1,large,"Eine deutschlandweite, gemeinnützige Studierendeninitiative der Life Sciences, die mit überwiegend kostenlosen Karriere- und Weiterbildungsveranstaltungen Orientierung, Vernetzung und Praxisprojekte für Studierende und Promovierende bietet.",btS Life Sciences x IBA Lifesciences – Company Excursion!,2026-01-12,16:00,EMPTY,https://tockify.com/lifesciencesstudierendeninitiative/detail/6/1736694000000,1,other
elbMUN e.V.,1,0,english,1,1,0,0,1,0,0,0,1,0,1,1,1,1,low,1,medium,"Studentische Initiative an der TU Dresden, die eine internationale Model-UN-Konferenz organisiert, bei der Studierende auf Englisch über globale politische Themen debattieren, Diplomatie kennenlernen und sich mit politisch Interessierten vernetzen.",elbMUN Conference 2025,2025-05-15,EMPTY,Dresden,https://www.elbmun.org,1,website
jDPG Dresden,1,1,german,0,1,0,0,1,0,0,0,0,0,1,1,0,0,medium,1,small,"Eine kleine Regionalgruppe der jungen Deutschen Physikalischen Gesellschaft an der TU Dresden, die Vorträge, Exkursionen, Meet-your-Prof-Formate und Vernetzungsveranstaltungen für physikinteressierte Studierende organisiert.",DPG-Frühjahrstagung der Sektion Kondensierte Materie (mit jDPG-Angeboten),2026-03-08,08:00,Technische Universität Dresden,https://www.dpg-physik.de/veranstaltungen/2026/dpg-fruehjahrstagung-dresden,1,website
junge GEW,1,0,german,1,0,0,0,1,0,0,1,0,0,0,1,0,0,medium,1,small,"Hochschulgruppe der Jugendorganisation der Bildungsgewerkschaft GEW an der TU Dresden, die sich mit gewerkschaftlicher Hochschulpolitik, Arbeitsbedingungen in Studium und Wissenschaft sowie Bildungsgerechtigkeit beschäftigt.",,,,,,,
kritmed*,0,0,german,1,0,0,0,1,0,0,0,1,0,0,1,0,0,medium,1,medium,"Eine politisch engagierte Hochschulgruppe von Medizinstudierenden, die sich kritisch mit medizin- und gesundheitspolitischen Themen, Diskriminierung und diversitätssensibler Lehre auseinandersetzt.",,,,,,,
